id,citation_counts
1501.00254,17
1501.00276,14
1501.00290,13
1501.00357,43
1501.00373,16
1501.00439,23
1501.00446,45
1501.00451,0
1501.00469,1
1501.00473,5
1501.00474,2
1501.00480,16
1501.00514,0
1501.00546,2
1501.00603,0
1501.00632,15
1501.00634,5
1501.00686,5
1501.00708,6
1501.00757,36
1501.00766,1
1501.00848,5
1501.00849,3
1501.00864,54
1501.00888,116
1501.00920,20
1501.00927,15
1501.00959,88
1501.00987,12
1501.00988,42
1501.00995,6
1501.00998,35
1501.01007,41
1501.01014,55
1501.01024,9
1501.01031,73
1501.01099,13
1501.01190,1
1501.01232,20
1501.01308,35
1501.01310,79
1501.01316,10
1501.01394,7
1501.01408,22
1501.01447,21
1501.01550,7
1501.01600,68
1501.01616,19
1501.01621,0
1501.01627,20
1501.01628,15
1501.01643,15
1501.01686,28
1501.01700,17
1501.01727,16
1501.01759,5
1501.01808,19
1501.01821,10
1501.01885,6
1501.01912,2
1501.01975,5
1501.02000,37
1501.02078,18
1501.02086,36
1501.02188,12
1501.02260,105
1501.02268,16
1501.02280,5
1501.02322,1
1501.02451,8
1501.02453,10
1501.02462,16
1501.02490,48
1501.02499,18
1501.02553,32
1501.02593,113
1501.02599,4
1501.02674,6
1501.02675,10
1501.02681,2
1501.02761,21
1501.02778,1
1501.02790,53
1501.02804,7
1501.02829,14
1501.02904,36
1501.02908,21
1501.03019,28
1501.03061,99
1501.03144,5
1501.03159,19
1501.03256,36
1501.03260,24
1501.03262,72
1501.03278,7
1501.03298,11
1501.03313,7
1501.03316,25
1501.03329,6
1501.03348,19
1501.03469,9
1501.03500,53
1501.03511,7
1501.03515,39
1501.03635,11
1501.03644,2
1501.03665,85
1501.03752,8
1501.03775,3
1501.03817,11
1501.03845,131
1501.03858,8
1501.03902,1
1501.03944,11
1501.03993,28
1501.04033,10
1501.04061,4
1501.04065,22
1501.04202,22
1501.04252,12
1501.04278,30
1501.04294,2
1501.04299,2
1501.04355,6
1501.04389,31
1501.04481,9
1501.04533,45
1501.04580,21
1501.04586,30
1501.04593,5
1501.04606,7
1501.04644,79
1501.04651,18
1501.04655,25
1501.04667,7
1501.04696,0
1501.04837,3
1501.04881,2
1501.04891,60
1501.04903,22
1501.04937,99
1501.04987,9
1501.05018,2
1501.05074,6
1501.05078,10
1501.05146,4
1501.05189,4
1501.05218,4
1501.05315,228
1501.05318,15
1501.05331,87
1501.05336,18
1501.05378,11
1501.05397,6
1501.05402,0
1501.05441,9
1501.05455,68
1501.05512,2
1501.05518,13
1501.05562,28
1501.05573,5
1501.05622,29
1501.05656,66
1501.05658,6
1501.05671,76
1501.05756,8
1501.05777,3
1501.05804,7
1501.05812,78
1501.05858,21
1501.05867,16
1501.05912,6
1501.05974,7
1501.06072,32
1501.06118,12
1501.06317,14
1501.06459,9
1501.06474,2
1501.06499,5
1501.06527,5
1501.06542,6
1501.06547,38
1501.06568,35
1501.06571,18
1501.06574,31
1501.06577,64
1501.06620,23
1501.06664,18
1501.06692,6
1501.06770,12
1501.06773,43
1501.06785,9
1501.06860,25
1501.06861,9
1501.06895,5
1501.06919,14
1501.06938,4
1501.06977,4
1501.06998,29
1501.07014,8
1501.07038,13
1501.07147,0
1501.07160,30
1501.07236,74
1501.07248,13
1501.07318,31
1501.07334,16
1501.07412,3
1501.07427,11
1501.07466,32
1501.07471,9
1501.07499,25
1501.07548,8
1501.07562,9
1501.07589,1
1501.07590,8
1501.07600,81
1501.07603,8
1501.07615,43
1501.07620,21
1501.07642,8
1501.07726,0
1501.07748,7
1501.07796,17
1501.07801,1
1501.07819,2
1501.07842,16
1501.07863,9
1502.00007,24
1502.00010,83
1502.00069,24
1502.00092,1
1502.00099,1
1502.00106,64
1502.00113,13
1502.00142,4
1502.00179,22
1502.00228,81
1502.00261,11
1502.00437,181
1502.00452,0
1502.00463,1
1502.00510,23
1502.00518,4
1502.00557,25
1502.00562,6
1502.00583,1
1502.00610,11
1502.00629,26
1502.00636,102
1502.00649,4
1502.00655,25
1502.00683,20
1502.00740,57
1502.00751,2
1502.00761,5
1502.00844,1
1502.00849,0
1502.00863,11
1502.00906,15
1502.00918,24
1502.00927,15
1502.00945,34
1502.00985,21
1502.01028,147
1502.01214,1
1502.01230,10
1502.01234,15
1502.01254,60
1502.01277,18
1502.01289,8
1502.01305,4
1502.01356,4
1502.01371,21
1502.01378,4
1502.01382,23
1502.01428,89
1502.01437,104
1502.01471,24
1502.01544,12
1502.01574,20
1502.01630,3
1502.01650,14
1502.01655,21
1502.01697,6
1502.01711,3
1502.01726,5
1502.01751,17
1502.01820,17
1502.01841,2
1502.01855,0
1502.01934,10
1502.01940,17
1502.01942,22
1502.01962,8
1502.01979,15
1502.01990,11
1502.02033,268
1502.02034,43
1502.02100,13
1502.02124,5
1502.02211,10
1502.02271,34
1502.02283,45
1502.02318,142
1502.02329,4
1502.02378,7
1502.02428,57
1502.02439,9
1502.02487,4
1502.02514,2
1502.02525,8
1502.02550,20
1502.02564,8
1502.02578,3
1502.02621,31
1502.02631,57
1502.02652,3
1502.02678,3
1502.02686,8
1502.02687,12
1502.02820,75
1502.02853,5
1502.02880,3
1502.02912,3
1502.02919,1
1502.02957,14
1502.02958,47
1502.02972,30
1502.02992,6
1502.02998,17
1502.03034,9
1502.03073,2
1502.03076,46
1502.03087,106
1502.03108,32
1502.03129,4
1502.03257,14
1502.03275,18
1502.03281,5
1502.03292,0
1502.03377,35
1502.03404,3
1502.03604,12
1502.03616,25
1502.03633,39
1502.03640,9
1502.03661,60
1502.03673,6
1502.03684,2
1502.03712,16
1502.03749,41
1502.03754,1
1502.03758,25
1502.03765,6
1502.03789,70
1502.03810,37
1502.03826,6
1502.03870,21
1502.03878,18
1502.03947,1
1502.03976,2
1502.04008,8
1502.04106,1
1502.04124,89
1502.04164,6
1502.04188,8
1502.04192,56
1502.04267,62
1502.04299,4
1502.04324,5
1502.04345,14
1502.04412,7
1502.04438,1
1502.04444,4
1502.04456,4
1502.04493,1
1502.04543,14
1502.04668,4
1502.04757,37
1502.04811,2
1502.04986,3
1502.05057,51
1502.05063,7
1502.05083,11
1502.05138,10
1502.05203,22
1502.05258,64
1502.05296,194
1502.05299,0
1502.05318,2
1502.05352,1
1502.05355,13
1502.05359,44
1502.05386,59
1502.05397,10
1502.05398,38
1502.05401,7
1502.05405,229
1502.05456,14
1502.05526,1
1502.05536,0
1502.05575,11
1502.05581,15
1502.05607,31
1502.05635,33
1502.05706,53
1502.05711,8
1502.05726,25
1502.05771,2
1502.05776,4
1502.05793,2
1502.05894,15
1502.05897,7
1502.05932,10
1502.05949,0
1502.05962,23
1502.05976,13
1502.06090,12
1502.06115,5
1502.06120,175
1502.06126,20
1502.06135,8
1502.06185,46
1502.06311,1
1502.06348,0
1502.06375,5
1502.06389,2
1502.06497,3
1502.06536,12
1502.06544,30
1502.06551,0
1502.06594,113
1502.06596,28
1502.06607,11
1502.06616,68
1502.06619,18
1502.06620,67
1502.06622,46
1502.06624,59
1502.06627,14
1502.06645,14
1502.06655,39
1502.06680,22
1502.06685,10
1502.06692,91
1502.06698,72
1502.06770,23
1502.06826,57
1502.06828,21
1502.06850,3
1502.06881,15
1502.06949,0
1502.06953,76
1502.06966,120
1502.06980,15
1502.07049,9
1502.07154,37
1502.07217,129
1502.07271,31
1502.07272,7
1502.07275,11
1502.07304,78
1502.07337,3
1502.07348,6
1502.07396,78
1502.07417,2
1502.07471,23
1502.07511,69
1502.07515,2
1502.07535,3
1502.07537,11
1502.07560,1
1502.07589,1
1502.07610,9
1502.07614,11
1502.07627,134
1502.07637,0
1502.07680,6
1502.07690,3
1502.07707,153
1502.07711,42
1502.07717,12
1502.07737,43
1502.07742,90
1502.07746,128
1502.07876,3
1502.07909,26
1502.08005,83
1502.08044,18
1502.08050,9
1503.00015,15
1503.00018,20
1503.00129,3
1503.00218,20
1503.00261,77
1503.00273,0
1503.00373,0
1503.00400,7
1503.00442,237
1503.00517,7
1503.00553,24
1503.00627,7
1503.00712,14
1503.00721,43
1503.00733,4
1503.00739,1
1503.00786,5
1503.00795,183
1503.00874,16
1503.00896,6
1503.00940,21
1503.01005,1
1503.01015,34
1503.01024,2
1503.01044,16
1503.01193,6
1503.01206,13
1503.01230,31
1503.01268,6
1503.01286,4
1503.01294,2
1503.01409,1242
1503.01424,3
1503.01450,0
1503.01462,4
1503.01463,127
1503.01474,33
1503.01552,11
1503.01564,0
1503.01579,100
1503.01607,48
1503.01671,1
1503.01681,12
1503.01709,8
1503.01716,16
1503.01766,10
1503.01777,23
1503.01995,1
1503.02011,17
1503.02015,10
1503.02016,6
1503.02026,5
1503.02060,8
1503.02067,61
1503.02068,48
1503.02077,13
1503.02081,122
1503.02141,2
1503.02185,19
1503.02532,5
1503.02585,8
1503.02598,15
1503.02623,8
1503.02663,137
1503.02680,49
1503.02682,69
1503.02683,35
1503.02700,24
1503.02811,0
1503.02875,0
1503.02896,26
1503.02899,11
1503.02913,2
1503.02962,12
1503.02965,39
1503.03042,9
1503.03069,13
1503.03080,23
1503.03120,13
1503.03178,9
1503.03182,3
1503.03225,4
1503.03254,4
1503.03326,32
1503.03380,9
1503.03481,56
1503.03542,148
1503.03570,4
1503.03615,10
1503.03625,7
1503.03684,6
1503.03696,19
1503.03699,6
1503.03823,14
1503.03859,5
1503.03861,7
1503.03870,22
1503.03886,177
1503.03906,11
1503.03908,1
1503.04020,5
1503.04230,23
1503.04232,0
1503.04237,2
1503.04281,11
1503.04311,8
1503.04327,23
1503.04439,17
1503.04483,20
1503.04518,6
1503.04541,1
1503.04594,38
1503.04670,7
1503.04671,0
1503.04686,7
1503.04726,16
1503.04731,7
1503.04761,18
1503.04783,206
1503.04800,43
1503.04806,63
1503.04809,20
1503.04816,89
1503.04817,143
1503.04820,11
1503.04844,1
1503.04857,15
1503.04905,4
1503.04944,1
1503.04961,25
1503.04997,11
1503.05007,8
1503.05095,7
1503.05159,102
1503.05182,9
1503.05193,95
1503.05288,1
1503.05340,1
1503.05350,3
1503.05351,3
1503.05462,5
1503.05527,16
1503.05537,123
1503.05538,42
1503.05562,20
1503.05568,38
1503.05580,9
1503.05597,5
1503.05625,9
1503.05634,8
1503.05643,7
1503.05720,5
1503.05790,4
1503.05843,6
1503.05982,1
1503.06003,5
1503.06041,0
1503.06083,23
1503.06099,22
1503.06139,7
1503.06140,10
1503.06177,1
1503.06196,4
1503.06210,7
1503.06215,23
1503.06217,77
1503.06233,44
1503.06237,508
1503.06314,7
1503.06336,29
1503.06418,11
1503.06472,21
1503.06474,19
1503.06541,2
1503.06711,25
1503.06770,19
1503.06785,84
1503.06796,40
1503.06806,4
1503.06864,13
1503.06875,6
1503.06967,8
1503.06983,35
1503.06993,28
1503.07084,3
1503.07101,12
1503.07111,48
1503.07114,66
1503.07148,69
1503.07149,46
1503.07153,4
1503.07181,10
1503.07183,18
1503.07186,10
1503.07219,15
1503.07277,42
1503.07287,11
1503.07308,85
1503.07331,98
1503.07375,3
1503.07380,13
1503.07390,13
1503.07410,7
1503.07430,0
1503.07447,27
1503.07457,34
1503.07482,8
1503.07485,16
1503.07488,16
1503.07514,190
1503.07527,55
1503.07544,16
1503.07548,2
1503.07553,16
1503.07575,1
1503.07584,20
1503.07634,83
1503.07699,25
1503.07700,25
1503.07766,38
1503.07771,8
1503.07808,11
1503.07853,132
1503.07861,31
1503.07883,40
1503.07886,27
1503.07900,15
1503.07909,88
1503.07912,128
1503.07934,3
1503.07950,3
1503.08025,1
1503.08043,367
1503.08062,2
1503.08130,5
1503.08136,47
1503.08143,73
1503.08161,64
1503.08183,4
1503.08207,52
1503.08319,18
1503.08343,8
1503.08347,21
1503.08397,8
1503.08411,14
1503.08429,0
1503.08459,12
1503.08484,15
1503.08522,5
1503.08578,15
1503.08580,33
1503.08592,34
1503.08607,16
1503.08633,15
1503.08635,9
1503.08664,5
1503.08684,10
1503.08722,15
1503.08739,4
1503.08755,8
1503.08795,43
1503.08812,10
1503.08820,2
1503.08825,113
1503.08828,17
1503.08834,11
1503.08838,40
1503.08862,2
1503.08930,1
1503.08984,1
1503.09003,13
1503.09029,2
1503.09055,30
1503.09074,3
1503.09090,16
1503.09136,47
1503.09146,5
1503.09179,0
1503.09180,4
1504.00012,9
1504.00038,5
1504.00056,77
1504.00068,8
1504.00070,12
1504.00099,5
1504.00106,5
1504.00121,18
1504.00138,24
1504.00149,25
1504.00206,29
1504.00225,4
1504.00279,2
1504.00321,7
1504.00349,1
1504.00365,14
1504.00368,54
1504.00371,56
1504.00412,101
1504.00444,5
1504.00459,31
1504.00464,3
1504.00479,8
1504.00482,5
1504.00483,3
1504.00486,8
1504.00535,48
1504.00573,1
1504.00602,12
1504.00609,56
1504.00652,39
1504.00656,30
1504.00659,126
1504.00663,99
1504.00677,4
1504.00688,0
1504.00739,1
1504.00753,6
1504.00760,15
1504.00764,9
1504.00772,95
1504.00827,17
1504.00855,17
1504.00867,9
1504.00913,22
1504.00926,18
1504.00967,4
1504.01221,12
1504.01328,13
1504.01346,7
1504.01364,59
1504.01370,13
1504.01387,27
1504.01393,16
1504.01400,35
1504.01406,4
1504.01417,2
1504.01477,5
1504.01481,48
1504.01484,0
1504.01494,3
1504.01505,2
1504.01523,71
1504.01586,7
1504.01653,10
1504.01700,30
1504.01730,22
1504.01737,53
1504.01738,3
1504.01814,1
1504.01849,2
1504.01880,2
1504.01897,5
1504.01898,38
1504.01921,16
1504.01925,5
1504.01961,39
1504.02067,1
1504.02079,1
1504.02094,20
1504.02103,34
1504.02190,14
1504.02223,0
1504.02241,1
1504.02276,9
1504.02301,17
1504.02304,46
1504.02316,8
1504.02331,1
1504.02432,21
1504.02459,9
1504.02465,24
1504.02467,16
1504.02475,54
1504.02478,11
1504.02524,8
1504.02620,18
1504.02675,58
1504.02683,4
1504.02710,21
1504.02759,19
1504.02781,80
1504.02783,19
1504.02831,7
1504.02839,2
1504.02848,6
1504.02867,13
1504.02916,47
1504.02919,17
1504.02958,7
1504.02979,56
1504.02994,0
1504.03046,3
1504.03117,4
1504.03155,12
1504.03288,18
1504.03324,37
1504.03332,2
1504.03532,7
1504.03559,8
1504.03566,83
1504.03607,12
1504.03617,13
1504.03672,62
1504.03698,233
1504.03723,3
1504.03890,20
1504.03915,30
1504.04038,15
1504.04055,28
1504.04071,5
1504.04150,16
1504.04175,15
1504.04176,5
1504.04182,24
1504.04191,2
1504.04203,3
1504.04237,6
1504.04286,7
1504.04330,12
1504.04331,3
1504.04334,20
1504.04340,11
1504.04355,53
1504.04360,16
1504.04382,39
1504.04384,19
1504.04439,16
1504.04496,12
1504.04506,11
1504.04572,15
1504.04614,74
1504.04669,1
1504.04780,28
1504.04830,1
1504.04843,34
1504.04963,0
1504.04969,9
1504.05044,10
1504.05129,0
1504.05157,35
1504.05164,7
1504.05185,21
1504.05211,4
1504.05212,11
1504.05269,16
1504.05303,2
1504.05317,5
1504.05370,1
1504.05389,7
1504.05396,13
1504.05502,11
1504.05516,91
1504.05536,38
1504.05537,17
1504.05540,18
1504.05542,9
1504.05557,110
1504.05558,59
1504.05559,53
1504.05561,42
1504.05580,20
1504.05581,10
1504.05593,65
1504.05640,22
1504.05648,0
1504.05687,5
1504.05703,7
1504.05710,47
1504.05745,25
1504.05777,15
1504.05810,1
1504.05826,10
1504.05913,19
1504.05922,0
1504.05923,8
1504.05943,70
1504.05946,2
1504.05958,44
1504.05959,22
1504.05988,45
1504.05991,11
1504.06027,27
1504.06038,2
1504.06083,6
1504.06168,9
1504.06272,23
1504.06295,68
1504.06300,2
1504.06303,107
1504.06306,9
1504.06308,99
1504.06323,53
1504.06327,28
1504.06336,6
1504.06489,75
1504.06497,9
1504.06555,13
1504.06566,32
1504.06613,80
1504.06632,69
1504.06640,68
1504.06763,38
1504.06802,3
1504.06839,8
1504.06875,7
1504.06905,6
1504.06907,1
1504.06918,12
1504.06929,11
1504.06978,12
1504.07015,56
1504.07023,22
1504.07117,31
1504.07133,25
1504.07146,32
1504.07201,5
1504.07202,7
1504.07213,134
1504.07252,9
1504.07260,28
1504.07262,7
1504.07276,9
1504.07289,39
1504.07315,16
1504.07344,14
1504.07357,14
1504.07430,16
1504.07461,105
1504.07492,1
1504.07529,58
1504.07543,7
1504.07556,6
1504.07579,5
1504.07611,37
1504.07612,2
1504.07616,41
1504.07627,74
1504.07635,27
1504.07636,33
1504.07650,36
1504.07656,108
1504.07689,32
1504.07710,29
1504.07744,38
1504.07768,2
1504.07773,12
1504.07799,13
1504.07836,5
1504.07894,0
1504.07895,0
1504.07904,28
1504.07910,15
1504.07951,4
1504.07955,2
1504.07985,39
1504.07987,31
1504.07997,185
1504.08007,0
1504.08009,117
1504.08114,17
1504.08123,36
1504.08244,3
1504.08324,37
1504.08348,104
1505.00007,78
1505.00009,51
1505.00022,39
1505.00069,19
1505.00096,24
1505.00099,21
1505.00117,19
1505.00131,16
1505.00159,15
1505.00179,4
1505.00210,10
1505.00215,6
1505.00221,30
1505.00255,28
1505.00259,24
1505.00260,22
1505.00272,4
1505.00366,6
1505.00394,9
1505.00406,0
1505.00472,8
1505.00492,104
1505.00544,12
1505.00586,20
1505.00632,10
1505.00673,5
1505.00689,4
1505.00702,16
1505.00715,5
1505.00716,81
1505.00745,9
1505.00765,26
1505.00783,5
1505.00802,4
1505.00826,8
1505.00831,36
1505.00840,3
1505.00854,46
1505.00930,8
1505.00963,106
1505.01013,4
1505.01051,7
1505.01061,1
1505.01134,26
1505.01152,18
1505.01156,24
1505.01209,2
1505.01241,24
1505.01282,43
1505.01301,25
1505.01360,0
1505.01383,2
1505.01387,1
1505.01392,4
1505.01450,52
1505.01453,14
1505.01492,71
1505.01508,1
1505.01516,0
1505.01537,131
1505.01598,0
1505.01659,41
1505.01693,14
1505.01727,30
1505.01754,6
1505.01755,6
1505.01857,13
1505.01937,3
1505.01967,0
1505.01978,1
1505.01995,78
1505.02031,3
1505.02069,38
1505.02095,75
1505.02121,4
1505.02122,4
1505.02127,1
1505.02160,17
1505.02228,19
1505.02235,14
1505.02243,56
1505.02270,3
1505.02287,41
1505.02289,36
1505.02356,4
1505.02367,0
1505.02374,1
1505.02381,31
1505.02386,78
1505.02409,24
1505.02413,0
1505.02442,3
1505.02468,23
1505.02483,13
1505.02555,11
1505.02569,3
1505.02583,24
1505.02599,8
1505.02616,27
1505.02629,10
1505.02643,2
1505.02645,23
1505.02647,25
1505.02746,87
1505.02780,9
1505.02816,6
1505.02916,14
1505.02966,34
1505.02986,25
1505.03088,2
1505.03092,75
1505.03119,36
1505.03130,19
1505.03141,7
1505.03238,9
1505.03243,19
1505.03299,7
1505.03386,43
1505.03387,10
1505.03405,4
1505.03500,21
1505.03518,21
1505.03525,37
1505.03556,9
1505.03557,29
1505.03571,65
1505.03588,17
1505.03601,1
1505.03690,35
1505.03696,23
1505.03739,39
1505.03750,76
1505.03755,42
1505.03757,16
1505.03834,17
1505.03843,1
1505.03850,68
1505.03895,12
1505.03901,4
1505.03943,0
1505.03951,18
1505.03974,5
1505.03976,18
1505.04004,20
1505.04025,21
1505.04047,8
1505.04068,29
1505.04088,6
1505.04130,12
1505.04131,55
1505.04225,50
1505.04237,0
1505.04273,7
1505.04283,28
1505.04290,1
1505.04312,30
1505.04353,6
1505.04384,4
1505.04411,27
1505.04439,72
1505.04498,6
1505.04506,3
1505.04517,25
1505.04553,30
1505.04641,13
1505.04737,9
1505.04743,57
1505.04772,48
1505.04793,52
1505.04804,134
1505.04814,115
1505.04826,0
1505.04837,7
1505.04860,1
1505.04912,0
1505.04946,9
1505.04957,32
1505.04959,5
1505.04962,16
1505.04968,13
1505.04974,12
1505.04978,54
1505.05011,99
1505.05012,13
1505.05053,43
1505.05069,63
1505.05078,27
1505.05087,5
1505.05092,100
1505.05115,25
1505.05122,16
1505.05146,33
1505.05169,10
1505.05171,43
1505.05174,1
1505.05224,36
1505.05238,2
1505.05239,3
1505.05242,0
1505.05250,20
1505.05275,8
1505.05315,1
1505.05319,10
1505.05344,13
1505.05346,142
1505.05360,65
1505.05393,86
1505.05400,21
1505.05444,30
1505.05448,9
1505.05457,23
1505.05467,29
1505.05510,4
1505.05513,6
1505.05515,179
1505.05517,111
1505.05526,2
1505.05677,19
1505.05685,55
1505.05773,31
1505.05801,10
1505.05820,1
1505.05834,56
1505.05854,44
1505.05861,27
1505.05875,15
1505.05883,8
1505.05884,114
1505.05886,53
1505.05887,33
1505.05898,24
1505.05963,2
1505.06044,6
1505.06045,8
1505.06154,43
1505.06170,11
1505.06173,33
1505.06205,44
1505.06207,11
1505.06221,6
1505.06264,1
1505.06302,47
1505.06308,0
1505.06315,14
1505.06331,54
1505.06342,12
1505.06387,1
1505.06397,5
1505.06399,1
1505.06419,2
1505.06565,10
1505.06571,52
1505.06619,26
1505.06634,7
1505.06703,31
1505.06705,7
1505.06745,188
1505.06767,15
1505.06775,10
1505.06838,2
1505.06992,56
1505.07065,0
1505.07070,10
1505.07093,24
1505.07110,63
1505.07116,17
1505.07120,30
1505.07131,14
1505.07270,24
1505.07301,11
1505.07353,12
1505.07355,3
1505.07357,20
1505.07379,47
1505.07386,9
1505.07421,8
1505.07458,1
1505.07460,38
1505.07539,7
1505.07583,35
1505.07631,4
1505.07657,145
1505.07679,9
1505.07697,18
1505.07733,4
1505.07797,25
1505.07803,56
1505.07828,10
1505.07830,9
1505.07839,140
1505.07842,101
1505.07871,35
1505.07894,81
1505.07933,1
1505.08099,0
1505.08108,106
1505.08112,14
1505.08130,14
1505.08150,13
1505.08156,5
1505.08170,1
1506.00027,3
1506.00035,3
1506.00052,17
1506.00068,14
1506.00209,4
1506.00218,75
1506.00265,126
1506.00270,20
1506.00283,5
1506.00335,8
1506.00339,34
1506.00357,13
1506.00562,34
1506.00580,19
1506.00595,23
1506.00622,17
1506.00657,18
1506.00663,1
1506.00666,24
1506.00772,2
1506.00781,6
1506.00879,23
1506.00936,135
1506.00973,33
1506.00974,75
1506.00987,3
1506.00991,36
1506.01009,4
1506.01017,27
1506.01018,7
1506.01023,98
1506.01045,18
1506.01046,1
1506.01065,37
1506.01156,29
1506.01160,3
1506.01187,0
1506.01212,2
1506.01253,42
1506.01294,31
1506.01331,9
1506.01337,46
1506.01340,15
1506.01350,22
1506.01353,136
1506.01360,83
1506.01366,50
1506.01368,61
1506.01375,10
1506.01384,22
1506.01385,85
1506.01438,2
1506.01566,35
1506.01594,59
1506.01679,36
1506.01680,9
1506.01690,1
1506.01708,116
1506.01718,61
1506.01722,6
1506.01807,26
1506.01847,22
1506.01881,12
1506.01890,39
1506.01897,3
1506.01899,61
1506.01970,12
1506.02035,16
1506.02038,24
1506.02045,58
1506.02110,3
1506.02130,6
1506.02175,1
1506.02187,0
1506.02209,60
1506.02210,427
1506.02260,12
1506.02277,16
1506.02300,0
1506.02313,73
1506.02329,25
1506.02333,1
1506.02366,2
1506.02421,10
1506.02450,47
1506.02475,15
1506.02523,6
1506.02598,5
1506.02611,0
1506.02658,41
1506.02662,60
1506.02669,188
1506.02767,2
1506.02769,1
1506.02786,7
1506.02798,2
1506.02848,3
1506.02864,0
1506.02880,9
1506.02906,156
1506.02941,7
1506.02961,3
1506.02965,23
1506.03090,13
1506.03114,44
1506.03203,9
1506.03204,43
1506.03206,29
1506.03222,11
1506.03225,1
1506.03320,15
1506.03328,19
1506.03357,92
1506.03372,2
1506.03388,34
1506.03440,24
1506.03446,8
1506.03447,159
1506.03457,53
1506.03505,19
1506.03522,3
1506.03561,12
1506.03677,8
1506.03689,12
1506.03696,10
1506.03714,4
1506.03723,13
1506.03757,307
1506.03763,31
1506.03772,117
1506.03807,96
1506.03818,46
1506.03826,29
1506.03840,8
1506.03871,84
1506.03907,18
1506.03951,35
1506.03957,21
1506.03990,15
1506.04001,4
1506.04049,10
1506.04086,20
1506.04087,52
1506.04090,6
1506.04128,53
1506.04183,45
1506.04270,21
1506.04293,20
1506.04335,5
1506.04342,22
1506.04390,21
1506.04410,6
1506.04465,16
1506.04471,1
1506.04491,10
1506.04492,10
1506.04543,34
1506.04548,6
1506.04589,45
1506.04659,101
1506.04660,29
1506.04667,45
1506.04732,106
1506.04738,5
1506.04795,24
1506.04813,13
1506.04872,10
1506.04909,6
1506.04920,3
1506.04950,0
1506.04955,22
1506.04983,14
1506.05005,6
1506.05008,3
1506.05016,6
1506.05034,0
1506.05091,7
1506.05111,357
1506.05128,3
1506.05208,0
1506.05224,19
1506.05243,6
1506.05258,8
1506.05277,15
1506.05372,9
1506.05379,7
1506.05381,8
1506.05412,41
1506.05429,3
1506.05462,55
1506.05480,60
1506.05526,33
1506.05582,0
1506.05596,11
1506.05613,6
1506.05689,12
1506.05726,14
1506.05730,13
1506.05761,2
1506.05771,23
1506.05774,29
1506.05777,11
1506.05784,113
1506.05786,36
1506.05789,61
1506.05792,113
1506.05838,8
1506.05873,3
1506.05898,0
1506.05930,53
1506.06134,23
1506.06137,76
1506.06183,52
1506.06192,19
1506.06195,100
1506.06217,32
1506.06227,49
1506.06233,8
1506.06276,6
1506.06396,16
1506.06428,22
1506.06474,3
1506.06477,26
1506.06512,11
1506.06588,23
1506.06601,35
1506.06611,3
1506.06616,46
1506.06657,15
1506.06695,12
1506.06729,28
1506.06750,12
1506.06753,35
1506.06756,47
1506.06757,11
1506.06764,20
1506.06770,6
1506.06772,73
1506.06779,5
1506.06887,9
1506.06957,1
1506.06958,101
1506.06995,83
1506.07016,124
1506.07047,16
1506.07068,12
1506.07133,5
1506.07176,20
1506.07181,37
1506.07188,15
1506.07189,5
1506.07228,21
1506.07232,28
1506.07262,35
1506.07277,0
1506.07307,4
1506.07316,1
1506.07323,22
1506.07356,4
1506.07374,9
1506.07410,8
1506.07422,1
1506.07505,4
1506.07508,50
1506.07516,6
1506.07528,18
1506.07547,9
1506.07551,35
1506.07570,53
1506.07606,3
1506.07614,23
1506.07618,16
1506.07672,4
1506.07706,9
1506.07795,35
1506.07798,9
1506.07808,24
1506.07872,0
1506.07979,17
1506.08040,60
1506.08066,12
1506.08095,13
1506.08119,6
1506.08130,9
1506.08156,19
1506.08172,3
1506.08192,56
1506.08203,15
1506.08282,2
1506.08284,6
1506.08383,14
1506.08393,25
1506.08397,10
1506.08407,4
1506.08433,18
1506.08542,18
1506.08557,43
1506.08573,8
1506.08576,11
1506.08583,10
1506.08619,70
1506.08727,33
1506.08771,112
1506.08795,39
1506.08802,11
1506.08926,8
1506.09017,12
1506.09021,1
1506.09063,32
1506.09086,4
1506.09088,37
1506.09089,24
1506.09119,8
1506.09137,6
1506.09141,28
1506.09176,49
1506.09186,39
1507.00003,87
1507.00004,10
1507.00014,27
1507.00015,4
1507.00107,2
1507.00183,19
1507.00211,14
1507.00221,15
1507.00234,76
1507.00260,11
1507.00261,68
1507.00301,11
1507.00306,28
1507.00321,158
1507.00339,14
1507.00343,32
1507.00354,14
1507.00355,20
1507.00367,0
1507.00384,14
1507.00408,36
1507.00442,11
1507.00463,13
1507.00486,4
1507.00519,13
1507.00546,18
1507.00580,0
1507.00582,40
1507.00590,5
1507.00591,1
1507.00618,2
1507.00630,32
1507.00652,85
1507.00685,13
1507.00727,15
1507.00744,54
1507.00779,4
1507.00799,3
1507.00818,18
1507.00823,21
1507.00878,4
1507.00896,2
1507.00938,42
1507.00940,1
1507.00945,63
1507.00968,111
1507.00972,14
1507.00981,101
1507.00985,0
1507.00987,18
1507.00997,74
1507.01022,64
1507.01068,13
1507.01157,42
1507.01229,20
1507.01246,0
1507.01359,10
1507.01370,0
1507.01401,12
1507.01414,13
1507.01421,15
1507.01472,0
1507.01504,7
1507.01515,13
1507.01547,3
1507.01567,31
1507.01582,20
1507.01595,8
1507.01612,12
1507.01619,3
1507.01623,33
1507.01669,22
1507.01678,28
1507.01799,21
1507.01815,0
1507.01820,6
1507.01848,3
1507.01857,18
1507.01869,177
1507.01870,0
1507.01883,20
1507.01885,19
1507.01911,1
1507.01950,24
1507.01960,54
1507.02056,45
1507.02088,12
1507.02096,64
1507.02172,8
1507.02174,19
1507.02207,24
1507.02254,70
1507.02277,52
1507.02280,15
1507.02287,61
1507.02294,36
1507.02298,23
1507.02309,16
1507.02327,5
1507.02329,5
1507.02335,36
1507.02361,4
1507.02392,1
1507.02425,9
1507.02461,76
1507.02474,14
1507.02477,3
1507.02514,26
1507.02548,34
1507.02568,0
1507.02584,70
1507.02612,24
1507.02625,12
1507.02641,10
1507.02659,57
1507.02660,26
1507.02662,3
1507.02682,17
1507.02684,32
1507.02692,15
1507.02709,4
1507.02787,8
1507.02936,13
1507.02948,33
1507.02968,1
1507.03005,10
1507.03006,4
1507.03025,6
1507.03036,6
1507.03061,17
1507.03105,16
1507.03121,18
1507.03164,0
1507.03208,14
1507.03214,8
1507.03235,57
1507.03237,0
1507.03400,10
1507.03444,7
1507.03472,48
1507.03507,1
1507.03540,17
1507.03574,17
1507.03592,7
1507.03603,17
1507.03619,8
1507.03654,8
1507.03723,10
1507.03791,0
1507.03836,14
1507.03860,87
1507.03880,7
1507.03918,24
1507.03965,11
1507.03976,4
1507.04010,67
1507.04013,9
1507.04036,0
1507.04053,5
1507.04063,37
1507.04093,6
1507.04130,73
1507.04158,9
1507.04190,33
1507.04193,11
1507.04232,15
1507.04239,102
1507.04344,20
1507.04347,19
1507.04352,21
1507.04361,59
1507.04369,19
1507.04378,75
1507.04424,67
1507.04476,7
1507.04546,41
1507.04557,13
1507.04566,6
1507.04593,6
1507.04597,13
1507.04620,18
1507.04633,12
1507.04687,20
1507.04708,34
1507.04742,15
1507.04743,7
1507.04755,24
1507.04757,4
1507.04799,25
1507.04853,3
1507.04870,34
1507.04877,19
1507.04922,13
1507.04995,2
1507.05193,8
1507.05218,9
1507.05330,10
1507.05377,6
1507.05378,4
1507.05390,84
1507.05420,60
1507.05426,29
1507.05481,23
1507.05520,14
1507.05534,7
1507.05550,4
1507.05553,17
1507.05620,41
1507.05623,5
1507.05635,26
1507.05637,147
1507.05650,16
1507.05771,1
1507.05792,1
1507.05817,41
1507.05826,11
1507.05897,26
1507.05928,7
1507.05954,54
1507.05961,26
1507.05965,31
1507.05978,13
1507.06017,58
1507.06069,156
1507.06118,72
1507.06130,2
1507.06147,48
1507.06218,9
1507.06226,7
1507.06241,0
1507.06283,35
1507.06288,85
1507.06310,11
1507.06318,20
1507.06321,38
1507.06343,5
1507.06348,16
1507.06375,1
1507.06410,16
1507.06456,3
1507.06459,0
1507.06488,4
1507.06493,2
1507.06540,24
1507.06556,77
1507.06560,1
1507.06563,91
1507.06573,5
1507.06584,12
1507.06625,28
1507.06651,16
1507.06670,24
1507.06762,0
1507.06793,70
1507.06819,30
1507.06928,8
1507.06992,19
1507.06997,72
1507.06999,23
1507.07005,17
1507.07033,9
1507.07060,22
1507.07079,7
1507.07084,0
1507.07137,90
1507.07157,10
1507.07183,25
1507.07240,94
1507.07250,54
1507.07251,6
1507.07351,43
1507.07399,25
1507.07434,13
1507.07476,19
1507.07482,1
1507.07541,26
1507.07545,36
1507.07555,156
1507.07556,107
1507.07559,45
1507.07568,12
1507.07585,8
1507.07650,6
1507.07684,15
1507.07709,29
1507.07721,9
1507.07763,20
1507.07777,15
1507.07779,22
1507.07790,2
1507.07791,1
1507.07842,85
1507.07890,1
1507.07897,1
1507.07921,119
1507.07931,1
1507.07942,19
1507.08027,25
1507.08059,34
1507.08063,2
1507.08068,0
1507.08086,25
1507.08162,29
1507.08165,10
1507.08250,26
1507.08264,119
1507.08284,2
1507.08293,5
1507.08299,3
1507.08342,2
1507.08435,6
1507.08488,3
1507.08553,88
1507.08584,15
1507.08595,2
1507.08619,90
1507.08628,18
1507.08630,83
1507.08642,1
1507.08657,38
1507.08659,30
1507.08666,13
1507.08756,6
1507.08757,8
1507.08793,16
1507.08794,8
1507.08828,17
1507.08829,26
1507.08832,10
1507.08859,111
1507.08866,12
1507.08878,8
1507.08882,26
1507.08894,4
1507.08912,15
1507.08949,8
1507.08952,23
1507.08982,45
1508.00009,70
1508.00010,107
1508.00012,152
1508.00046,5
1508.00110,9
1508.00120,4
1508.00137,10
1508.00162,36
1508.00171,10
1508.00180,1
1508.00234,80
1508.00340,0
1508.00366,53
1508.00421,17
1508.00433,5
1508.00469,4
1508.00491,6
1508.00501,218
1508.00544,10
1508.00548,19
1508.00554,9
1508.00580,28
1508.00587,49
1508.00590,31
1508.00610,1
1508.00707,2
1508.00716,2
1508.00766,10
1508.00780,30
1508.00781,3
1508.00844,18
1508.00856,11
1508.00857,1
1508.00859,8
1508.00884,11
1508.00897,93
1508.00910,33
1508.00915,96
1508.00926,27
1508.00963,19
1508.00979,6
1508.00989,16
1508.01028,17
1508.01082,61
1508.01116,31
1508.01121,43
1508.01124,13
1508.01150,63
1508.01152,25
1508.01174,39
1508.01193,23
1508.01197,10
1508.01199,20
1508.01201,5
1508.01207,5
1508.01210,12
1508.01231,41
1508.01284,5
1508.01311,107
1508.01343,5
1508.01357,20
1508.01432,47
1508.01474,20
1508.01477,8
1508.01484,4
1508.01490,17
1508.01502,19
1508.01527,11
1508.01536,0
1508.01583,29
1508.01608,16
1508.01626,15
1508.01649,7
1508.01658,20
1508.01735,10
1508.01750,4
1508.01791,1
1508.01855,51
1508.01866,10
1508.01868,0
1508.01871,4
1508.01955,49
1508.01957,6
1508.02002,15
1508.02047,17
1508.02084,13
1508.02109,5
1508.02125,7
1508.02150,17
1508.02168,2
1508.02183,3
1508.02188,7
1508.02329,30
1508.02359,24
1508.02391,33
1508.02396,36
1508.02401,12
1508.02416,26
1508.02481,43
1508.02494,38
1508.02527,10
1508.02538,4
1508.02547,28
1508.02554,16
1508.02575,2
1508.02602,1
1508.02611,3
1508.02618,0
1508.02656,12
1508.02657,19
1508.02676,57
1508.02709,26
1508.02728,43
1508.02829,24
1508.02857,14
1508.02869,27
1508.02870,32
1508.02923,2
1508.02939,35
1508.02949,10
1508.02987,51
1508.03045,52
1508.03049,2
1508.03074,20
1508.03077,48
1508.03121,0
1508.03190,32
1508.03207,13
1508.03232,3
1508.03268,3
1508.03272,66
1508.03293,8
1508.03297,23
1508.03333,0
1508.03338,19
1508.03340,2
1508.03364,10
1508.03367,5
1508.03380,13
1508.03382,5
1508.03413,16
1508.03430,18
1508.03506,61
1508.03603,5
1508.03611,47
1508.03627,67
1508.03631,0
1508.03638,23
1508.03639,10
1508.03641,11
1508.03642,26
1508.03692,3
1508.03717,47
1508.03748,0
1508.03780,25
1508.03867,9
1508.03874,16
1508.04026,44
1508.04038,9
1508.04046,21
1508.04079,18
1508.04135,10
1508.04139,69
1508.04141,58
1508.04219,3
1508.04277,10
1508.04281,1
1508.04292,131
1508.04313,22
1508.04350,8
1508.04380,8
1508.04421,3
1508.04432,66
1508.04435,33
1508.04437,17
1508.04440,14
1508.04460,12
1508.04493,17
1508.04496,3
1508.04513,22
1508.04594,7
1508.04608,7
1508.04660,54
1508.04662,9
1508.04663,34
1508.04679,1
1508.04764,49
1508.04770,45
1508.04776,17
1508.04807,8
1508.04831,0
1508.04925,20
1508.04972,5
1508.04987,116
1508.05006,5
1508.05055,11
1508.05091,0
1508.05144,30
1508.05283,4
1508.05284,2
1508.05335,7
1508.05343,20
1508.05350,10
1508.05376,29
1508.05387,71
1508.05421,7
1508.05441,2
1508.05447,1
1508.05569,2
1508.05570,34
1508.05583,9
1508.05612,8
1508.05614,12
1508.05619,3
1508.05666,4
1508.05678,4
1508.05706,11
1508.05799,10
1508.05815,1
1508.05832,109
1508.05926,36
1508.06027,84
1508.06058,20
1508.06111,1
1508.06209,1
1508.06244,33
1508.06278,61
1508.06302,33
1508.06322,8
1508.06325,3
1508.06338,8
1508.06354,93
1508.06371,0
1508.06384,56
1508.06411,5
1508.06455,1
1508.06475,3
1508.06484,9
1508.06507,10
1508.06515,2
1508.06557,25
1508.06566,1
1508.06568,18
1508.06572,9
1508.06577,44
1508.06637,20
1508.06642,3
1508.06644,2
1508.06667,5
1508.06679,51
1508.06692,24
1508.06694,1
1508.06730,2
1508.06767,38
1508.06774,16
1508.06813,18
1508.06852,4
1508.06879,3
1508.06993,41
1508.06996,14
1508.07055,23
1508.07114,9
1508.07179,5
1508.07196,2
1508.07226,2
1508.07248,36
1508.07255,23
1508.07304,1
1508.07305,18
1508.07307,19
1508.07311,17
1508.07329,21
1508.07331,16
1508.07332,36
1508.07410,3
1508.07411,43
1508.07412,5
1508.07423,6
1508.07432,19
1508.07500,47
1508.07546,13
1508.07622,67
1508.07718,4
1508.07728,8
1508.07763,4
1508.07877,7
1508.07928,7
1508.07956,8
1508.07975,8
1509.00008,71
1509.00013,11
1509.00014,194
1509.00022,10
1509.00024,42
1509.00027,34
1509.00031,11
1509.00033,76
1509.00044,24
1509.00048,13
1509.00054,0
1509.00074,16
1509.00113,43
1509.00173,31
1509.00222,11
1509.00245,3
1509.00251,4
1509.00267,27
1509.00328,0
1509.00363,37
1509.00428,124
1509.00431,13
1509.00455,71
1509.00458,46
1509.00466,15
1509.00474,14
1509.00496,4
1509.00518,9
1509.00529,1
1509.00543,70
1509.00583,0
1509.00596,0
1509.00640,19
1509.00716,7
1509.00732,48
1509.00733,0
1509.00769,6
1509.00774,6
1509.00782,10
1509.00802,10
1509.00821,0
1509.00826,8
1509.00847,72
1509.00851,76
1509.00852,1
1509.00855,9
1509.00890,2
1509.00929,4
1509.00953,13
1509.00968,9
1509.01000,24
1509.01031,5
1509.01065,17
1509.01092,3
1509.01147,109
1509.01152,1
1509.01195,1
1509.01203,50
1509.01222,8
1509.01231,4
1509.01245,34
1509.01247,35
1509.01256,39
1509.01294,22
1509.01305,5
1509.01309,6
1509.01406,101
1509.01408,23
1509.01414,0
1509.01432,3
1509.01440,24
1509.01500,27
1509.01636,54
1509.01646,10
1509.01647,66
1509.01651,1
1509.01750,11
1509.01761,10
1509.01769,21
1509.01829,15
1509.01862,9
1509.01908,14
1509.01937,5
1509.01964,0
1509.02011,1
1509.02016,59
1509.02036,7
1509.02040,3
1509.02055,33
1509.02062,16
1509.02076,42
1509.02114,50
1509.02115,9
1509.02126,9
1509.02136,31
1509.02137,44
1509.02160,81
1509.02169,63
1509.02196,25
1509.02199,13
1509.02215,0
1509.02343,22
1509.02426,1
1509.02430,75
1509.02526,79
1509.02542,142
1509.02547,18
1509.02594,5
1509.02729,10
1509.02831,1
1509.02915,21
1509.02916,0
1509.02926,9
1509.02930,24
1509.02942,10
1509.02946,31
1509.02983,47
1509.03031,3
1509.03038,12
1509.03077,5
1509.03081,20
1509.03083,13
1509.03167,10
1509.03195,34
1509.03215,1
1509.03256,9
1509.03285,11
1509.03289,8
1509.03291,10
1509.03300,59
1509.03309,114
1509.03336,85
1509.03365,3
1509.03407,3
1509.03505,0
1509.03509,6
1509.03552,4
1509.03554,19
1509.03572,9
1509.03594,34
1509.03605,2
1509.03612,191
1509.03657,0
1509.03659,6
1509.03726,15
1509.03738,18
1509.03829,18
1509.03945,0
1509.03960,3
1509.04056,35
1509.04061,6
1509.04176,24
1509.04201,7
1509.04209,11
1509.04254,7
1509.04272,2
1509.04281,3
1509.04286,27
1509.04288,19
1509.04325,22
1509.04416,4
1509.04441,0
1509.04483,46
1509.04527,51
1509.04534,7
1509.04601,6
1509.04614,1
1509.04645,38
1509.04654,14
1509.04661,7
1509.04676,9
1509.04718,27
1509.04728,11
1509.04749,3
1509.04750,5
1509.04795,30
1509.04890,3
1509.04891,8
1509.04895,18
1509.04928,17
1509.04969,16
1509.04980,9
1509.04987,19
1509.04989,6
1509.05033,10
1509.05041,12
1509.05044,84
1509.05046,68
1509.05094,5
1509.05109,0
1509.05145,56
1509.05229,19
1509.05235,10
1509.05311,7
1509.05352,1
1509.05402,50
1509.05403,19
1509.05418,12
1509.05426,17
1509.05532,8
1509.05546,40
1509.05561,6
1509.05685,11
1509.05704,6
1509.05710,73
1509.05777,24
1509.05872,0
1509.05890,7
1509.05914,1
1509.05921,0
1509.05925,2
1509.05955,25
1509.05972,24
1509.05978,13
1509.05985,5
1509.05989,7
1509.06054,14
1509.06115,0
1509.06186,8
1509.06295,2
1509.06340,3
1509.06345,34
1509.06368,58
1509.06374,173
1509.06401,6
1509.06579,2
1509.06614,245
1509.06632,5
1509.06634,14
1509.06681,16
1509.06719,8
1509.06730,60
1509.06761,15
1509.06798,75
1509.06892,0
1509.06914,6
1509.06918,23
1509.06973,12
1509.07049,75
1509.07117,32
1509.07125,11
1509.07142,67
1509.07146,83
1509.07153,4
1509.07270,8
1509.07319,5
1509.07339,23
1509.07381,0
1509.07431,2
1509.07475,7
1509.07509,40
1509.07516,11
1509.07557,1
1509.07576,3
1509.07587,20
1509.07637,24
1509.07665,1
1509.07676,6
1509.07678,28
1509.07748,14
1509.07779,3
1509.07780,8
1509.07787,9
1509.07790,75
1509.07825,9
1509.07840,42
1509.07847,31
1509.07854,47
1509.07872,12
1509.07876,566
1509.07885,5
1509.07886,42
1509.08027,36
1509.08055,33
1509.08064,5
1509.08072,2
1509.08127,107
1509.08129,15
1509.08164,12
1509.08370,2
1509.08448,18
1509.08472,49
1509.08475,4
1509.08478,42
1509.08486,25
1509.08487,6
1509.08501,20
1509.08505,4
1509.08511,88
1509.08593,91
1509.08610,2
1509.08630,22
1509.08724,21
1509.08738,13
1509.08808,18
1509.08809,2
1509.08878,18
1509.08882,45
1509.08897,55
1509.08907,1
1509.08908,37
1509.08915,4
1509.08949,8
1509.08978,4
1509.08986,6
1509.09056,3
1509.09061,7
1509.09094,17
1509.09122,5
1509.09291,73
1509.09312,1
1510.00005,47
1510.00006,20
1510.00014,61
1510.00021,68
1510.00022,41
1510.00023,8
1510.00108,40
1510.00141,4
1510.00188,13
1510.00194,2
1510.00212,12
1510.00232,25
1510.00288,3
1510.00349,29
1510.00364,29
1510.00376,1
1510.00583,11
1510.00589,8
1510.00672,10
1510.00699,65
1510.00709,28
1510.00736,13
1510.00835,11
1510.00951,1
1510.00959,8
1510.00972,23
1510.00978,67
1510.01054,3
1510.01099,3
1510.01184,14
1510.01209,6
1510.01242,48
1510.01252,2
1510.01273,9
1510.01324,59
1510.01332,60
1510.01335,0
1510.01380,14
1510.01387,3
1510.01423,10
1510.01427,51
1510.01496,4
1510.01522,41
1510.01575,0
1510.01609,1
1510.01651,4
1510.01658,3
1510.01662,5
1510.01667,18
1510.01683,63
1510.01698,0
1510.01741,5
1510.01744,38
1510.01763,8
1510.01773,1
1510.01774,25
1510.01896,36
1510.01969,3
1510.01990,4
1510.01996,0
1510.02005,19
1510.02007,22
1510.02098,81
1510.02099,48
1510.02100,72
1510.02103,12
1510.02129,0
1510.02142,5
1510.02200,45
1510.02298,10
1510.02345,3
1510.02367,4
1510.02389,39
1510.02409,22
1510.02414,2
1510.02445,1
1510.02457,0
1510.02464,39
1510.02472,95
1510.02480,6
1510.02494,76
1510.02535,62
1510.02549,3
1510.02563,8
1510.02582,0
1510.02625,1
1510.02685,43
1510.02712,26
1510.02804,135
1510.02957,9
1510.03066,0
1510.03083,31
1510.03128,31
1510.03139,9
1510.03213,2
1510.03281,17
1510.03286,3
1510.03288,1
1510.03291,10
1510.03297,22
1510.03313,1
1510.03320,2
1510.03332,11
1510.03345,10
1510.03386,130
1510.03390,8
1510.03396,16
1510.03407,4
1510.03433,38
1510.03435,58
1510.03438,12
1510.03439,18
1510.03444,7
1510.03448,48
1510.03488,14
1510.03524,49
1510.03553,31
1510.03582,2
1510.03642,29
1510.03664,34
1510.03734,105
1510.03774,15
1510.03778,1
1510.03784,75
1510.03837,8
1510.03842,0
1510.03852,13
1510.03866,94
1510.03876,16
1510.03884,12
1510.03915,0
1510.03932,1
1510.03954,2
1510.03984,5
1510.04059,13
1510.04078,4
1510.04084,11
1510.04219,6
1510.04273,8
1510.04281,39
1510.04324,11
1510.04398,11
1510.04399,0
1510.04444,0
1510.04478,21
1510.04490,5
1510.04492,9
1510.04535,7
1510.04566,54
1510.04578,20
1510.04605,8
1510.04666,2
1510.04673,6
1510.04720,9
1510.04759,11
1510.04785,5
1510.04864,0
1510.04877,3
1510.04887,30
1510.04978,42
1510.04983,14
1510.04992,8
1510.04999,12
1510.05011,48
1510.05050,13
1510.05051,15
1510.05059,9
1510.05090,0
1510.05106,0
1510.05208,14
1510.05240,2
1510.05268,16
1510.05287,30
1510.05347,0
1510.05366,6
1510.05425,16
1510.05456,27
1510.05475,22
1510.05482,8
1510.05490,8
1510.05496,9
1510.05571,12
1510.05626,154
1510.05663,71
1510.05691,13
1510.05713,1
1510.05778,5
1510.05779,19
1510.05782,10
1510.05884,33
1510.05927,12
1510.05969,0
1510.05973,2
1510.05978,1
1510.05993,7
1510.05999,10
1510.06023,18
1510.06036,6
1510.06041,2
1510.06063,0
1510.06137,15
1510.06139,0
1510.06261,38
1510.06269,19
1510.06363,30
1510.06364,1
1510.06369,0
1510.06388,14
1510.06456,12
1510.06461,1
1510.06478,1
1510.06569,24
1510.06685,63
1510.06713,6
1510.06719,9
1510.06720,35
1510.06735,17
1510.06749,3
1510.06759,2
1510.06760,28
1510.06858,20
1510.06861,9
1510.06894,16
1510.06970,6
1510.06975,6
1510.07018,127
1510.07029,59
1510.07038,71
1510.07039,12
1510.07041,16
1510.07044,40
1510.07077,9
1510.07142,3
1510.07157,33
1510.07237,13
1510.07268,1
1510.07367,1
1510.07455,100
1510.07470,4
1510.07496,15
1510.07551,1
1510.07589,13
1510.07627,14
1510.07644,20
1510.07650,46
1510.07654,15
1510.07663,19
1510.07770,55
1510.07826,2
1510.07859,42
1510.07886,9
1510.07911,166
1510.07935,7
1510.07943,10
1510.07968,3
1510.07974,2
1510.08042,32
1510.08055,4
1510.08056,31
1510.08059,2
1510.08065,2
1510.08090,22
1510.08091,133
1510.08123,24
1510.08129,6
1510.08176,13
1510.08195,5
1510.08232,3
1510.08236,1
1510.08254,0
1510.08348,4
1510.08349,1
1510.08354,5
1510.08365,14
1510.08377,2
1510.08378,11
1510.08396,1
1510.08415,3
1510.08438,13
1510.08442,102
1510.08443,4
1510.08444,19
1510.08486,56
1510.08557,19
1510.08598,0
1510.08672,18
1510.08691,11
1510.08719,0
1510.08735,18
1510.08772,39
1510.08784,5
1510.08823,3
1510.08824,46
1510.08835,14
1510.08843,49
1510.08846,67
1510.08864,10
1510.08870,15
1510.08872,22
1510.08926,28
1510.09020,14
1510.09060,13
1510.09086,2
1510.09089,104
1510.09125,4
1510.09151,3
1510.09198,4
1510.09199,13
1511.00203,6
1511.00244,29
1511.00269,16
1511.00274,4
1511.00280,4
1511.00313,18
1511.00316,13
1511.00335,0
1511.00403,8
1511.00404,10
1511.00458,43
1511.00489,13
1511.00560,15
1511.00574,57
1511.00616,22
1511.00669,0
1511.00674,0
1511.00682,43
1511.00707,59
1511.00713,65
1511.00769,25
1511.00826,6
1511.00828,3
1511.00853,12
1511.00854,9
1511.00859,23
1511.00902,4
1511.00978,4
1511.00994,10
1511.00995,2
1511.01002,1
1511.01052,3
1511.01053,14
1511.01058,7
1511.01063,14
1511.01070,15
1511.01071,145
1511.01091,11
1511.01103,20
1511.01104,9
1511.01108,8
1511.01147,9
1511.01244,7
1511.01325,8
1511.01330,4
1511.01370,6
1511.01387,39
1511.01406,5
1511.01421,3
1511.01450,4
1511.01481,33
1511.01482,5
1511.01485,19
1511.01491,17
1511.01497,84
1511.01516,62
1511.01542,38
1511.01620,20
1511.01626,4
1511.01659,1
1511.01660,28
1511.01676,5
1511.01740,104
1511.01774,12
1511.01801,14
1511.01817,5
1511.01825,4
1511.01836,7
1511.01840,5
1511.01841,4
1511.01875,2
1511.01877,0
1511.01895,6
1511.01902,53
1511.01908,36
1511.01913,3
1511.01939,43
1511.01949,5
1511.02005,3
1511.02028,4
1511.02055,8
1511.02078,1
1511.02114,0
1511.02144,4
1511.02167,15
1511.02217,36
1511.02243,7
1511.02288,16
1511.02357,48
1511.02412,1
1511.02444,44
1511.02536,9
1511.02541,30
1511.02635,12
1511.02671,22
1511.02672,12
1511.02709,21
1511.02745,14
1511.02757,15
1511.02780,20
1511.02787,36
1511.02812,1
1511.02860,54
1511.02877,8
1511.02880,8
1511.02887,13
1511.02892,5
1511.02915,17
1511.02921,12
1511.02967,24
1511.02971,2
1511.02996,10
1511.03008,21
1511.03024,59
1511.03075,5
1511.03101,149
1511.03102,3
1511.03107,6
1511.03116,5
1511.03142,2
1511.03166,6
1511.03172,0
1511.03209,103
1511.03211,5
1511.03270,20
1511.03329,11
1511.03413,5
1511.03425,20
1511.03432,61
1511.03455,0
1511.03471,38
1511.03482,4
1511.03525,6
1511.03549,6
1511.03574,5
1511.03586,15
1511.03587,0
1511.03608,20
1511.03625,13
1511.03630,6
1511.03637,1
1511.03646,152
1511.03653,22
1511.03666,42
1511.03669,35
1511.03681,26
1511.03714,2
1511.03807,7
1511.03844,2
1511.03868,4
1511.03889,2
1511.03929,2
1511.03954,4
1511.03957,19
1511.04006,4
1511.04013,4
1511.04017,5
1511.04021,343
1511.04042,65
1511.04046,24
1511.04065,84
1511.04074,78
1511.04085,217
1511.04187,6
1511.04372,17
1511.04432,21
1511.04563,4
1511.04575,10
1511.04595,2
1511.04681,13
1511.04684,9
1511.04748,10
1511.04772,32
1511.04784,3
1511.04795,3
1511.04806,0
1511.04865,3
1511.04921,29
1511.04967,15
1511.04971,13
1511.05016,26
1511.05050,14
1511.05095,8
1511.05105,1
1511.05112,3
1511.05119,33
1511.05128,17
1511.05136,9
1511.05143,130
1511.05159,3
1511.05160,14
1511.05179,105
1511.05188,19
1511.05216,2
1511.05220,29
1511.05256,1
1511.05293,22
1511.05299,0
1511.05342,11
1511.05395,5
1511.05441,31
1511.05447,31
1511.05452,39
1511.05471,5
1511.05484,16
1511.05505,40
1511.05555,23
1511.05560,64
1511.05565,77
1511.05592,2
1511.05627,30
1511.05675,27
1511.05695,43
1511.05696,5
1511.05713,0
1511.05734,21
1511.05746,3
1511.05761,14
1511.05795,153
1511.05851,28
1511.05915,45
1511.05918,9
1511.05940,0
1511.05970,49
1511.05975,31
1511.05991,19
1511.06059,31
1511.06079,81
1511.06150,8
1511.06194,6
1511.06199,19
1511.06245,4
1511.06304,6
1511.06315,130
1511.06358,61
1511.06373,20
1511.06450,1
1511.06460,14
1511.06511,6
1511.06560,39
1511.06582,19
1511.06635,16
1511.06652,55
1511.06658,2
1511.06686,1
1511.06694,0
1511.06713,79
1511.06716,16
1511.06753,3
1511.06816,27
1511.06818,3
1511.06842,15
1511.06912,20
1511.06914,0
1511.06978,16
1511.07034,22
1511.07061,21
1511.07108,33
1511.07143,25
1511.07179,13
1511.07194,9
1511.07201,38
1511.07256,5
1511.07389,39
1511.07408,3
1511.07429,52
1511.07449,62
1511.07450,11
1511.07453,11
1511.07455,34
1511.07462,50
1511.07546,7
1511.07547,24
1511.07552,50
1511.07567,38
1511.07622,4
1511.07625,6
1511.07676,9
1511.07690,45
1511.07805,9
1511.07809,73
1511.07841,6
1511.07878,8
1511.07879,8
1511.07919,5
1511.07986,15
1511.08002,3
1511.08025,64
1511.08089,3
1511.08105,37
1511.08150,19
1511.08187,15
1511.08201,11
1511.08208,36
1511.08214,9
1511.08220,35
1511.08221,64
1511.08223,23
1511.08242,1
1511.08265,2
1511.08275,4
1511.08276,5
1511.08406,7
1511.08491,2
1511.08496,3
1511.08505,18
1511.08517,21
1511.08662,43
1511.08687,193
1511.08691,6
1511.08706,33
1511.08737,18
1511.08747,4
1511.08759,41
1511.08782,76
1511.08785,1
1511.08789,15
1511.08794,21
1511.08816,19
1511.08820,30
1511.08843,10
1511.08955,23
1511.09035,8
1511.09046,0
1511.09077,48
1511.09114,13
1511.09161,5
1511.09264,5
1511.09309,12
1511.09333,0
1511.09362,27
1511.09393,97
1511.09420,3
1511.09441,42
1511.09459,21
1511.09462,80
1512.00010,25
1512.00011,4
1512.00013,84
1512.00019,69
1512.00021,166
1512.00023,4
1512.00025,133
1512.00026,11
1512.00045,1
1512.00073,24
1512.00143,0
1512.00161,169
1512.00194,11
1512.00207,1
1512.00208,14
1512.00222,46
1512.00249,18
1512.00281,35
1512.00349,34
1512.00371,11
1512.00457,57
1512.00470,4
1512.00493,55
1512.00545,62
1512.00546,53
1512.00555,16
1512.00565,27
1512.00579,7
1512.00594,7
1512.00652,7
1512.00656,2
1512.00689,15
1512.00704,5
1512.00791,14
1512.00803,33
1512.00807,2
1512.00841,41
1512.00854,2
1512.00858,4
1512.00944,1
1512.01025,10
1512.01054,13
1512.01084,15
1512.01091,4
1512.01135,24
1512.01170,16
1512.01203,59
1512.01226,0
1512.01231,11
1512.01232,43
1512.01237,59
1512.01238,14
1512.01288,24
1512.01296,5
1512.01334,31
1512.01380,12
1512.01381,1
1512.01397,5
1512.01434,16
1512.01471,9
1512.01489,0
1512.01531,19
1512.01548,110
1512.01553,27
1512.01554,7
1512.01576,18
1512.01579,19
1512.01592,9
1512.01640,8
1512.01644,31
1512.01652,1
1512.01658,0
1512.01662,7
1512.01705,33
1512.01729,3
1512.01746,69
1512.01804,6
1512.01816,14
1512.01817,2
1512.01819,73
1512.01917,18
1512.01964,24
1512.02087,47
1512.02089,6
1512.02158,47
1512.02163,68
1512.02164,15
1512.02185,2
1512.02187,21
1512.02191,0
1512.02209,14
1512.02211,4
1512.02225,70
1512.02232,9
1512.02243,84
1512.02250,114
1512.02287,7
1512.02292,5
1512.02293,9
1512.02304,21
1512.02408,0
1512.02462,28
1512.02465,30
1512.02477,9
1512.02492,53
1512.02519,13
1512.02521,20
1512.02530,4
1512.02532,80
1512.02533,29
1512.02536,21
1512.02569,47
1512.02604,7
1512.02607,45
1512.02611,12
1512.02617,5
1512.02621,9
1512.02641,53
1512.02645,4
1512.02657,32
1512.02658,21
1512.02659,47
1512.02695,33
1512.02812,0
1512.02816,10
1512.02829,13
1512.02835,3
1512.02858,46
1512.02860,19
1512.02862,32
1512.02886,24
1512.02887,14
1512.02926,39
1512.02934,1
1512.02969,0
1512.03008,14
1512.03015,26
1512.03052,80
1512.03055,2
1512.03061,44
1512.03142,3
1512.03157,6
1512.03192,4
1512.03203,0
1512.03212,1
1512.03265,1
1512.03275,10
1512.03286,2
1512.03316,52
1512.03328,4
1512.03331,17
1512.03353,37
1512.03362,11
1512.03363,13
1512.03376,68
1512.03379,17
1512.03404,0
1512.03448,13
1512.03478,30
1512.03499,5
1512.03524,61
1512.03554,140
1512.03598,55
1512.03620,34
1512.03649,3
1512.03651,6
1512.03750,19
1512.03751,8
1512.03759,0
1512.03768,110
1512.03799,18
1512.03800,6
1512.03803,18
1512.03807,68
1512.03837,8
1512.03894,8
1512.03914,22
1512.03940,11
1512.03999,7
1512.04008,50
1512.04018,0
1512.04071,27
1512.04080,11
1512.04094,5
1512.04100,18
1512.04104,18
1512.04224,20
1512.04253,1
1512.04279,25
1512.04299,37
1512.04335,23
1512.04383,14
1512.04401,6
1512.04402,34
1512.04405,16
1512.04443,33
1512.04463,31
1512.04500,30
1512.04504,5
1512.04525,0
1512.04532,83
1512.04538,22
1512.04558,93
1512.04607,6
1512.04673,5
1512.04684,10
1512.04698,17
1512.04732,9
1512.04735,27
1512.04840,17
1512.04846,19
1512.04859,16
1512.04883,19
1512.04915,31
1512.04942,17
1512.04943,18
1512.04952,26
1512.04953,8
1512.04954,43
1512.04961,12
1512.04963,16
1512.04970,6
1512.04993,466
1512.05001,85
1512.05019,7
1512.05108,3
1512.05155,26
1512.05237,1
1512.05239,38
1512.05257,5
1512.05290,5
1512.05305,59
1512.05322,24
1512.05347,77
1512.05362,26
1512.05376,31
1512.05387,23
1512.05388,146
1512.05395,2
1512.05399,6
1512.05410,24
1512.05472,10
1512.05541,20
1512.05548,8
1512.05567,0
1512.05584,51
1512.05666,21
1512.05668,24
1512.05689,42
1512.05716,25
1512.05725,8
1512.05746,31
1512.05750,1
1512.05761,11
1512.05780,0
1512.05785,16
1512.05791,39
1512.05833,43
1512.05837,12
1512.05853,9
1512.05945,14
1512.05977,7
1512.05994,70
1512.06052,13
1512.06064,29
1512.06072,21
1512.06079,25
1512.06109,90
1512.06115,58
1512.06134,34
1512.06182,35
1512.06186,8
1512.06203,1
1512.06206,16
1512.06226,17
1512.06240,28
1512.06250,8
1512.06263,24
1512.06277,22
1512.06280,12
1512.06363,26
1512.06373,34
1512.06386,5
1512.06405,8
1512.06414,9
1512.06418,6
1512.06420,14
1512.06431,319
1512.06434,116
1512.06443,16
1512.06445,21
1512.06464,5
1512.06476,8
1512.06484,13
1512.06523,1
1512.06568,2
1512.06569,23
1512.06646,10
1512.06651,6
1512.06661,2
1512.06686,10
1512.06701,29
1512.06704,130
1512.06721,7
1512.06779,86
1512.06784,0
1512.06801,47
1512.06805,28
1512.06826,0
1512.06838,24
1512.06855,25
1512.06858,17
1512.06861,31
1512.06870,5
1512.06871,27
1512.06901,36
1512.06904,24
1512.06924,20
1512.06926,55
1512.07018,4
1512.07035,26
1512.07066,2
1512.07117,48
1512.07130,7
1512.07131,21
1512.07178,62
1512.07182,14
1512.07184,8
1512.07192,2
1512.07226,2
1512.07237,68
1512.07241,11
1512.07245,13
1512.07254,6
1512.07384,0
1512.07396,1
1512.07458,2
1512.07472,0
1512.07484,13
1512.07554,10
1512.07557,34
1512.07597,21
1512.07600,113
1512.07620,21
1512.07626,17
1512.07627,42
1512.07629,1
1512.07632,25
1512.07687,119
1512.07690,31
1512.07705,2
1512.07737,2
1512.07740,4
1512.07832,27
1512.07850,44
1512.07883,47
1512.07886,17
1512.07888,14
1512.07890,11
1512.07902,5
1512.07909,27
1512.07910,16
1512.07912,42
1512.07918,12
1512.07920,4
1512.07923,3
1512.07932,61
1512.08012,1
1512.08058,43
1512.08060,10
1512.08113,7
1512.08114,59
1512.08125,9
1512.08132,30
1512.08210,0
1512.08233,58
1512.08236,3
1512.08239,62
1512.08241,6
1512.08243,0
1512.08342,2
1512.08356,3
1512.08360,6
1512.08367,4
1512.08375,27
1512.08389,33
1512.08439,6
1512.08466,25
1512.08471,2
1512.08514,15
1512.08522,8
1512.08530,10
1512.08533,104
1512.08549,10
1512.08550,13
1512.08556,21
1512.08561,0
1512.08574,6
1512.08586,20
1512.08591,84
1512.08603,10
1512.08685,2
1512.08694,20
1512.08733,10
1512.08759,3
1512.08761,36
1512.08771,1
1512.08825,6
1512.08835,18
1512.08842,2
1512.08855,79
1512.08858,8
1512.08859,1
1512.08896,34
1512.08916,12
1512.08923,13
1512.08924,24
1512.08926,3
1512.08939,0
1512.08950,19
1512.08955,3
1512.09013,5
1512.09021,37
1512.09037,26
1512.09046,7
1512.09055,11
1512.09060,14
1512.09061,2
1512.09071,20
1512.09082,11
1512.09106,16
1512.09119,7
1512.09120,0
1512.09121,15
1512.09128,12
1512.09130,61
1512.09138,10
1512.09145,18
1512.09151,11
1512.09153,12
1512.09175,12
1512.09219,71
1512.09220,17
1512.09225,5
1512.09319,8
1512.09324,10
1512.09367,3
1601.00011,84
1601.04035,39
